{"cameraMode":{"drawMode":0,"name":"Shaded","section":"Shading Mode"},"sceneLighting":true,"audioPlay":false,"sceneViewState":{"showFog":true,"showMaterialUpdate":false,"showSkybox":true,"showFlares":true,"showImageEffects":true,"showParticleSystems":true},"in2DMode":false,"pivot":{"x":-1.8366131782531739,"y":-0.3901461362838745,"z":-1.5364599227905274},"rotation":{"x":-0.20335958898067475,"y":0.6331785321235657,"z":-0.17749160528182984,"w":-0.7254326939582825},"size":4.317576885223389,"orthographic":false}